{
  "motion__frames_ds": {
    "shape": [
      1000,
      30,
      40
    ],
    "dtype": "float32",
    "min": 0.0041891057044267654,
    "max": 0.9236847162246704,
    "mean": 0.08518636971712112
  },
  "motion__imaxn": {
    "shape": [
      30,
      40
    ],
    "dtype": "float32",
    "min": 0.06309683620929718,
    "max": 0.9236847162246704,
    "mean": 0.20068931579589844
  },
  "motion__imeanf": {
    "shape": [
      30,
      40
    ],
    "dtype": "float32",
    "min": 0.030275849625468254,
    "max": 0.18351736664772034,
    "mean": 0.08518636971712112
  },
  "motion__imaxy_pre": {
    "shape": [
      30,
      40
    ],
    "dtype": "float32",
    "min": 0.05592413619160652,
    "max": 0.556719958782196,
    "mean": 0.1687919944524765
  },
  "motion__corrected_video": {
    "shape": [
      1000,
      30,
      40
    ],
    "dtype": "float32",
    "min": 0.018665645271539688,
    "max": 0.556719958782196,
    "mean": 0.08549101650714874
  },
  "motion__raw_score": {
    "shape": [
      1000
    ],
    "dtype": "float32",
    "min": 0.0,
    "max": 13.0,
    "mean": 0.41524264216423035
  },
  "motion__corr_score": {
    "shape": [
      1000
    ],
    "dtype": "float32",
    "min": 0.0,
    "max": 13.0,
    "mean": 0.4851543605327606
  },
  "motion__imax": {
    "shape": [
      30,
      40
    ],
    "dtype": "float32",
    "min": 0.07804498821496964,
    "max": 0.556719958782196,
    "mean": 0.18240807950496674
  },
  "source__roifn": {
    "shape": [
      1200,
      6
    ],
    "dtype": "float32",
    "min": 3.04739456700805e-21,
    "max": 1.0,
    "mean": 0.08988048881292343
  },
  "source__sigfn": {
    "shape": [
      6,
      1000
    ],
    "dtype": "float32",
    "min": 0.06746549904346466,
    "max": 0.17581692337989807,
    "mean": 0.09192261099815369
  },
  "source__seedsfn": {
    "shape": [
      6
    ],
    "dtype": "int64",
    "min": 39.0,
    "max": 592.0,
    "mean": 275.8333333333333
  },
  "component__roifn": {
    "shape": [
      1200,
      6
    ],
    "dtype": "float32",
    "min": 3.04739456700805e-21,
    "max": 1.0,
    "mean": 0.08988048881292343
  },
  "component__sigfn": {
    "shape": [
      6,
      1000
    ],
    "dtype": "float32",
    "min": 0.06746549904346466,
    "max": 0.17581692337989807,
    "mean": 0.09192261099815369
  },
  "component__seedsfn": {
    "shape": [
      6
    ],
    "dtype": "int64",
    "min": 39.0,
    "max": 592.0,
    "mean": 275.8333333333333
  },
  "component__bgfn": {
    "shape": [
      1200
    ],
    "dtype": "float32",
    "min": 0.0,
    "max": 0.0,
    "mean": 0.0
  },
  "component__bgffn": {
    "shape": [
      1,
      1000
    ],
    "dtype": "float32",
    "min": 0.0,
    "max": 0.0,
    "mean": 0.0
  },
  "deconv__spkfn": {
    "shape": [
      6,
      1000
    ],
    "dtype": "float32",
    "min": 0.0,
    "max": 0.052376337349414825,
    "mean": 0.0017352692084386945
  },
  "deconv__dff": {
    "shape": [
      6,
      1000
    ],
    "dtype": "float32",
    "min": 0.0,
    "max": 1.5774375200271606,
    "mean": 0.3154244124889374
  }
}
