{
  "motion__frames_ds": {
    "shape": [
      5000,
      50,
      50
    ],
    "dtype": "float32",
    "min": 0.0127097824588418,
    "max": 0.8540095686912537,
    "mean": 0.16235478222370148
  },
  "motion__imaxn": {
    "shape": [
      50,
      50
    ],
    "dtype": "float32",
    "min": 0.062366683036088943,
    "max": 0.8540095686912537,
    "mean": 0.19631166756153107
  },
  "motion__imeanf": {
    "shape": [
      50,
      50
    ],
    "dtype": "float32",
    "min": 0.03685872629284859,
    "max": 0.7435187697410583,
    "mean": 0.16235478222370148
  },
  "motion__imaxy_pre": {
    "shape": [
      50,
      50
    ],
    "dtype": "float32",
    "min": 0.067118339240551,
    "max": 0.6438949704170227,
    "mean": 0.1793767511844635
  },
  "motion__corrected_video": {
    "shape": [
      5000,
      50,
      50
    ],
    "dtype": "float32",
    "min": 0.04518961161375046,
    "max": 0.6438949704170227,
    "mean": 0.16235479712486267
  },
  "motion__raw_score": {
    "shape": [
      5000
    ],
    "dtype": "float32",
    "min": 0.0,
    "max": 0.0,
    "mean": 0.0
  },
  "motion__corr_score": {
    "shape": [
      5000
    ],
    "dtype": "float32",
    "min": 0.0,
    "max": 0.0,
    "mean": 0.0
  },
  "motion__imax": {
    "shape": [
      50,
      50
    ],
    "dtype": "float32",
    "min": 0.067118339240551,
    "max": 0.6438949704170227,
    "mean": 0.1793767511844635
  },
  "source__roifn": {
    "shape": [
      2500,
      11
    ],
    "dtype": "float32",
    "min": 4.855625329489651e-31,
    "max": 1.0,
    "mean": 0.056679438799619675
  },
  "source__sigfn": {
    "shape": [
      11,
      5000
    ],
    "dtype": "float32",
    "min": 0.1552225649356842,
    "max": 0.2659090757369995,
    "mean": 0.20559634268283844
  },
  "source__seedsfn": {
    "shape": [
      11
    ],
    "dtype": "int64",
    "min": 849.0,
    "max": 2087.0,
    "mean": 1547.7272727272727
  },
  "component__roifn": {
    "shape": [
      2500,
      11
    ],
    "dtype": "float32",
    "min": 4.855625329489651e-31,
    "max": 1.0,
    "mean": 0.056679438799619675
  },
  "component__sigfn": {
    "shape": [
      11,
      5000
    ],
    "dtype": "float32",
    "min": 0.1552225649356842,
    "max": 0.2659090757369995,
    "mean": 0.20559634268283844
  },
  "component__seedsfn": {
    "shape": [
      11
    ],
    "dtype": "int64",
    "min": 849.0,
    "max": 2087.0,
    "mean": 1547.7272727272727
  },
  "component__bgfn": {
    "shape": [
      2500
    ],
    "dtype": "float32",
    "min": 0.0,
    "max": 0.0,
    "mean": 0.0
  },
  "component__bgffn": {
    "shape": [
      1,
      5000
    ],
    "dtype": "float32",
    "min": 0.0,
    "max": 0.0,
    "mean": 0.0
  },
  "deconv__spkfn": {
    "shape": [
      11,
      5000
    ],
    "dtype": "float32",
    "min": 0.0,
    "max": 0.008748352527618408,
    "mean": 0.00036967467167414725
  },
  "deconv__dff": {
    "shape": [
      11,
      5000
    ],
    "dtype": "float32",
    "min": 0.0,
    "max": 0.18073038756847382,
    "mean": 0.06625879555940628
  }
}
