{
  "motion__frames_ds": {
    "shape": [
      1500,
      85,
      85
    ],
    "dtype": "float32",
    "min": 0.0,
    "max": 0.8567677140235901,
    "mean": 0.023037059232592583
  },
  "motion__imaxn": {
    "shape": [
      85,
      85
    ],
    "dtype": "float32",
    "min": 0.0253241416066885,
    "max": 0.8567677140235901,
    "mean": 0.08723878860473633
  },
  "motion__imeanf": {
    "shape": [
      85,
      85
    ],
    "dtype": "float32",
    "min": 0.005602686665952206,
    "max": 0.10932835936546326,
    "mean": 0.023037059232592583
  },
  "motion__imaxy_pre": {
    "shape": [
      85,
      85
    ],
    "dtype": "float32",
    "min": 0.013306207954883575,
    "max": 0.29403117299079895,
    "mean": 0.043937768787145615
  },
  "motion__corrected_video": {
    "shape": [
      1500,
      85,
      85
    ],
    "dtype": "float32",
    "min": 0.0013312201481312513,
    "max": 0.29403117299079895,
    "mean": 0.02303643524646759
  },
  "motion__raw_score": {
    "shape": [
      1500
    ],
    "dtype": "float32",
    "min": 0.0,
    "max": 2.0,
    "mean": 0.05533333495259285
  },
  "motion__corr_score": {
    "shape": [
      1500
    ],
    "dtype": "float32",
    "min": 0.0,
    "max": 1.0,
    "mean": 0.0026666666381061077
  },
  "motion__imax": {
    "shape": [
      85,
      85
    ],
    "dtype": "float32",
    "min": 0.013730471022427082,
    "max": 0.29403117299079895,
    "mean": 0.044614918529987335
  },
  "source__roifn": {
    "shape": [
      7225,
      26
    ],
    "dtype": "float32",
    "min": 0.0,
    "max": 1.0,
    "mean": 0.020269814878702164
  },
  "source__sigfn": {
    "shape": [
      26,
      1500
    ],
    "dtype": "float32",
    "min": 0.01331710908561945,
    "max": 0.05340094119310379,
    "mean": 0.026823336258530617
  },
  "source__seedsfn": {
    "shape": [
      26
    ],
    "dtype": "int64",
    "min": 184.0,
    "max": 6875.0,
    "mean": 2700.423076923077
  },
  "component__roifn": {
    "shape": [
      7225,
      26
    ],
    "dtype": "float32",
    "min": 0.0,
    "max": 1.0,
    "mean": 0.020269814878702164
  },
  "component__sigfn": {
    "shape": [
      26,
      1500
    ],
    "dtype": "float32",
    "min": 0.01331710908561945,
    "max": 0.05340094119310379,
    "mean": 0.026823336258530617
  },
  "component__seedsfn": {
    "shape": [
      26
    ],
    "dtype": "int64",
    "min": 184.0,
    "max": 6875.0,
    "mean": 2700.423076923077
  },
  "component__bgfn": {
    "shape": [
      7225
    ],
    "dtype": "float32",
    "min": 0.0,
    "max": 0.0,
    "mean": 0.0
  },
  "component__bgffn": {
    "shape": [
      1,
      1500
    ],
    "dtype": "float32",
    "min": 0.0,
    "max": 0.0,
    "mean": 0.0
  },
  "deconv__spkfn": {
    "shape": [
      26,
      1500
    ],
    "dtype": "float32",
    "min": 0.0,
    "max": 0.01629064977169037,
    "mean": 0.00044418504694476724
  },
  "deconv__dff": {
    "shape": [
      26,
      1500
    ],
    "dtype": "float32",
    "min": 0.0,
    "max": 1.1945196390151978,
    "mean": 0.13701346516609192
  }
}
